Chr	ID	Start	End	Primer	Length	TM	%GC	SelfComp	Self3'Comp	PrdtSize	SNPs_covered
SM_V7_1	SM_V7_1_A1734_left_4	4043936	4043955	AAATCACTTCCCGGCTGCT	19	59.62	52.632	0.0	0.0	201	1
SM_V7_1	SM_V7_1_A1734_right_4	4044136	4044155	CCGGGGGTAAGGTCCTTTG	19	59.698	63.158	10.04	0.0	201	1
SM_V7_1	SM_V7_1_A5141_left_1	7992338	7992358	TGAGTTATGCTGTTGCCGGT	20	59.964	50.0	1.9	0.0	203	1
SM_V7_1	SM_V7_1_A5141_right_1	7992540	7992561	TTGTTTGGTTCTCGTCCCAGA	21	59.513000000000005	47.619	0.0	0.0	203	1
SM_V7_1	SM_V7_1_A8287_left_1	11973001	11973022	TCATCTAGGTGGATCCTCCGT	21	59.501000000000005	52.381	23.88	15.8	208	1
SM_V7_1	SM_V7_1_A8287_right_1	11973208	11973227	GGAAGCTGCTCAATGCCCT	19	60.38	57.895	1.0	0.0	208	1
SM_V7_1	SM_V7_1_A12025_left_3	16011612	16011632	CCATCTCCGATGCTCGTCAT	20	59.683	55.0	0.0	0.0	217	1
SM_V7_1	SM_V7_1_A12025_right_3	16011828	16011849	CGCATGAATGGCTGATTGTCA	21	59.597	47.619	0.0	0.0	217	1
SM_V7_1	SM_V7_1_A15424_left_2	19967294	19967315	CGCCATGTTGTTTTTGAGGGT	21	59.931999999999995	47.619	0.0	0.0	204	2
SM_V7_1	SM_V7_1_A15424_right_2	19967497	19967517	ACCACGACATCTGAAGCGAA	20	59.683	50.0	0.0	0.0	204	2
SM_V7_1	SM_V7_1_A19429_left_2	23939867	23939888	GACTGTTTAAGCCGTCGACAC	21	59.545	52.381	17.16	6.93	217	3
SM_V7_1	SM_V7_1_A19429_right_2	23940083	23940103	TTGCATGGAAGCGTTTTCCC	20	59.683	50.0	15.34	1.27	217	3
SM_V7_1	SM_V7_1_A23454_left_3	27930483	27930504	TGTTGTCAGTAAGGCCGTGTT	21	60.13399999999999	47.619	0.0	0.0	215	1
SM_V7_1	SM_V7_1_A23454_right_3	27930697	27930717	CACCTCAAACAGCCCAGTCT	20	59.891000000000005	55.0	0.0	0.0	215	1
SM_V7_1	SM_V7_1_A27082_left_4	31919191	31919209	CGCTTGACGGGAACACCT	18	59.968999999999994	61.111000000000004	0.0	0.0	200	2
SM_V7_1	SM_V7_1_A27082_right_4	31919390	31919411	CCTTGGTTGCTACCTTGACCA	21	60.203	52.381	18.31	2.35	200	2
SM_V7_1	SM_V7_1_A31130_left_2	35925425	35925444	GGCGATCACGATCACGGAA	19	60.227	57.895	7.75	0.0	230	1
SM_V7_1	SM_V7_1_A31130_right_2	35925654	35925675	AGAGCGCCTTTTAGAAAGCCT	21	59.996	47.619	2.29	0.0	230	1
SM_V7_1	SM_V7_1_A35179_left_2	39899082	39899101	CACTCACGCTACCACCGTC	19	60.443999999999996	63.158	0.0	0.0	207	2
SM_V7_1	SM_V7_1_A35179_right_2	39899288	39899308	GAAAACGGATTGCAGTGGGG	20	59.756	55.0	0.0	0.0	207	2
SM_V7_1	SM_V7_1_A38980_left_1	43883381	43883402	GGATCCCGTTTTCTTCGAAGC	21	59.603	52.381	20.56	5.39	203	1
SM_V7_1	SM_V7_1_A38980_right_1	43883583	43883604	CTTACGGTCCAATTTCACGGC	21	59.87	52.381	0.0	0.0	203	1
SM_V7_1	SM_V7_1_A42976_left_4	47873133	47873153	TTGCACTGGCTCATCTCACA	20	59.602	50.0	0.0	0.0	217	1
SM_V7_1	SM_V7_1_A42976_right_4	47873349	47873369	CCACAACCTCTTGGACACCA	20	59.817	55.0	0.0	0.0	217	1
SM_V7_1	SM_V7_1_A46976_left_1	51940010	51940031	CCTATCCACACCAACAAACGC	21	59.801	52.381	0.0	0.0	201	1
SM_V7_1	SM_V7_1_A46976_right_1	51940210	51940229	TTCAACAGAGTGCCGCTGA	19	59.553999999999995	52.632	11.66	0.0	201	1
SM_V7_1	SM_V7_1_A50787_left_4	55846825	55846846	GGCACGAAGTTCCTGATCTGA	21	60.067	52.381	6.1	0.0	221	1
SM_V7_1	SM_V7_1_A50787_right_4	55847045	55847065	TTATCCATTTGGCAGCCCCA	20	59.662	50.0	9.64	0.0	221	1
SM_V7_1	SM_V7_1_A54759_left_4	59718540	59718559	GCGCTTAAGTTGACTCGGC	19	59.58	57.895	0.0	0.0	207	2
SM_V7_1	SM_V7_1_A54759_right_4	59718746	59718767	GCTAGCCATGTAAGTTGTGCC	21	59.598	52.381	2.29	0.0	207	2
SM_V7_1	SM_V7_1_A59012_left_4	63841126	63841145	TCTGGTGATATGGCGCGAC	19	59.933	57.895	12.1	8.22	231	1
SM_V7_1	SM_V7_1_A59012_right_4	63841356	63841375	CGCGCAACTGAACACACAT	19	59.72	52.632	8.75	0.0	231	1
SM_V7_1	SM_V7_1_A62974_left_1	67824546	67824566	CGTCTCCGATCCTAGACCCT	20	59.891000000000005	60.0	13.7	0.0	244	2
SM_V7_1	SM_V7_1_A62974_right_1	67824789	67824808	TCGCGACGAGGATCCTCTA	19	59.555	57.895	33.7	13.25	244	2
SM_V7_1	SM_V7_1_A66713_left_1	71847369	71847388	TGTCCAACATCTGCGACCC	19	60.004	57.895	0.0	0.0	201	3
SM_V7_1	SM_V7_1_A66713_right_1	71847569	71847588	ATCACACCTCGGCGTAACG	19	60.153999999999996	57.895	6.85	0.0	201	3
SM_V7_1	SM_V7_1_A70440_left_0	75849087	75849108	TGGGGACGTTAGATCCTCAGA	21	59.713	52.381	0.0	0.0	203	2
SM_V7_1	SM_V7_1_A70440_right_0	75849289	75849308	GCGTAGAGAGCCTTGGGAG	19	59.56	63.158	0.0	0.0	203	2
SM_V7_1	SM_V7_1_A73910_left_2	79811899	79811918	GCTCGCCCAATCGTATGGA	19	59.931000000000004	57.895	10.24	0.0	203	1
SM_V7_1	SM_V7_1_A73910_right_2	79812101	79812122	GCGTTGTAGACAAAAGGCCAA	21	59.665	47.619	5.01	0.0	203	1
SM_V7_1	SM_V7_1_A77153_left_2	83786812	83786832	TCCCATCAGCGGACATTGAG	20	59.821000000000005	55.0	0.0	0.0	200	2
SM_V7_1	SM_V7_1_A77153_right_2	83787011	83787030	GCAGCACCCCTACAACTGA	19	59.625	57.895	0.0	0.0	200	2
SM_V7_1	SM_V7_1_A80484_left_1	87777931	87777951	TGAGTGCGATTGGATAGCCC	20	59.893	55.0	0.0	0.0	238	1
SM_V7_1	SM_V7_1_A80484_right_1	87778168	87778189	AGCGAGCAGTATAACTTGGCT	21	59.516999999999996	47.619	0.0	0.0	238	1
SM_V7_ZW	SM_V7_ZW_A3332_left_3	3997381	3997402	CCACTTTGGGGCTTGTTCATG	21	59.998999999999995	52.381	0.0	0.0	224	2
SM_V7_ZW	SM_V7_ZW_A3332_right_3	3997604	3997625	TCATCCCTCTGTATCCTGCGT	21	60.412	52.381	0.0	0.0	224	2
SM_V7_ZW	SM_V7_ZW_A6111_left_3	7979117	7979138	GGAGCGAAGGTGGAAATAGGG	21	60.475	57.143	0.0	0.0	201	2
SM_V7_ZW	SM_V7_ZW_A6111_right_3	7979317	7979337	TGTTAGGCGGTTACCCACTG	20	59.678000000000004	55.0	0.0	0.0	201	2
SM_V7_ZW	SM_V7_ZW_A8730_left_4	11997063	11997081	AGTCGAGGGTGGACGGAG	18	60.361000000000004	66.667	0.0	0.0	206	2
SM_V7_ZW	SM_V7_ZW_A8730_right_4	11997268	11997287	TCAGGGTTTTCCAGTCCGC	19	59.927	57.895	0.0	0.0	206	2
SM_V7_ZW	SM_V7_ZW_A10735_left_1	15945003	15945024	GATGCAAAGACCAACACTCGC	21	60.4	52.381	0.0	0.0	200	1
SM_V7_ZW	SM_V7_ZW_A10735_right_1	15945202	15945221	AGCGTGCTCACTCGTGATC	19	60.153999999999996	57.895	0.0	0.0	200	1
SM_V7_ZW	SM_V7_ZW_A13248_left_0	19932799	19932819	AGACCTCCCTTCTTCGGTGT	20	60.178999999999995	55.0	0.0	0.0	203	1
SM_V7_ZW	SM_V7_ZW_A13248_right_0	19933001	19933022	TCACACTCAACGGTAATCGGG	21	60.067	52.381	0.0	0.0	203	1
SM_V7_ZW	SM_V7_ZW_A15931_left_2	23935889	23935909	GCCGTTTAGGGTCTGCAGAA	20	60.321000000000005	55.0	20.19	0.0	206	2
SM_V7_ZW	SM_V7_ZW_A15931_right_2	23936094	23936115	TCCATCATATGTCTGTCCGGC	21	59.656000000000006	52.381	0.0	0.0	206	2
SM_V7_ZW	SM_V7_ZW_A17832_left_1	27984975	27984996	TCCTATATCGTTCAGCGCTGC	21	60.336000000000006	52.381	32.44	18.29	201	1
SM_V7_ZW	SM_V7_ZW_A17832_right_1	27985175	27985195	GGACTGCTAAGTGCGACCAA	20	60.32	55.0	0.0	0.0	201	1
SM_V7_ZW	SM_V7_ZW_A19749_left_1	31882043	31882063	ACCAAATTGCCAAGCGACAC	20	59.968	50.0	0.0	0.0	204	1
SM_V7_ZW	SM_V7_ZW_A19749_right_1	31882246	31882265	TTCGCCCTTTACTTCCCCG	19	59.703	57.895	0.0	0.0	204	1
SM_V7_ZW	SM_V7_ZW_A21570_left_4	35932544	35932564	TGTTGTGCTGAACCTGCAGA	20	60.107	50.0	17.39	0.0	219	1
SM_V7_ZW	SM_V7_ZW_A21570_right_4	35932762	35932782	TTCCCGTTCAAAACAGCCCA	20	60.396	50.0	0.0	0.0	219	1
SM_V7_ZW	SM_V7_ZW_A22777_left_3	39874989	39875010	AAAGTGGTGTAGGGAGCGTAC	21	59.726000000000006	52.381	0.0	0.0	201	1
SM_V7_ZW	SM_V7_ZW_A22777_right_3	39875189	39875208	TCCTCAGTGGAGCGTTTCG	19	59.711000000000006	57.895	0.0	0.0	201	1
SM_V7_ZW	SM_V7_ZW_A24871_left_3	43806410	43806431	TGGTAGCTCACTGTGTTCACC	21	59.93	52.381	7.79	11.11	224	1
SM_V7_ZW	SM_V7_ZW_A24871_right_3	43806633	43806652	AGTAGCAATGGGATCCGCC	19	59.548	57.895	5.45	0.0	224	1
SM_V7_ZW	SM_V7_ZW_A28381_left_4	47864744	47864764	TGCGGATGTGGATACGGTTT	20	59.748999999999995	50.0	0.0	0.0	205	1
SM_V7_ZW	SM_V7_ZW_A28381_right_4	47864948	47864967	TCCATCAGGGCAATCTGGC	19	59.772	57.895	0.0	0.0	205	1
SM_V7_ZW	SM_V7_ZW_A32223_left_3	51874717	51874737	CCGGTTGTCAGTGTTGGAGT	20	60.178999999999995	55.0	0.0	0.0	217	1
SM_V7_ZW	SM_V7_ZW_A32223_right_3	51874933	51874953	CCAAGGTGAAGGGCTCAGAA	20	59.598	55.0	0.0	0.0	217	1
SM_V7_ZW	SM_V7_ZW_A35822_left_1	55840996	55841017	TGTGATAACCTGCAACACCCT	21	59.576	47.619	0.0	0.0	202	1
SM_V7_ZW	SM_V7_ZW_A35822_right_1	55841197	55841218	GCGACTCCAAAACACGATGTT	21	59.736999999999995	47.619	0.0	0.0	202	1
SM_V7_ZW	SM_V7_ZW_A39381_left_1	59813034	59813053	TGAGTGCGTACATGCCCAG	19	60.07899999999999	57.895	6.38	0.0	239	2
SM_V7_ZW	SM_V7_ZW_A39381_right_1	59813272	59813293	CGATGTGGTCGGTTTCATTGG	21	59.87	52.381	0.0	0.0	239	2
SM_V7_ZW	SM_V7_ZW_A43167_left_1	63812347	63812366	AACGGTGTTGAGGGTCGAG	19	59.63399999999999	57.895	0.0	0.0	200	1
SM_V7_ZW	SM_V7_ZW_A43167_right_1	63812546	63812565	GGGTGGGAGGCAAGAAAGT	19	59.538999999999994	57.895	0.0	0.0	200	1
SM_V7_ZW	SM_V7_ZW_A46635_left_1	67762233	67762253	CAAAGCAGACGGAAAGCTCG	20	59.835	55.0	0.0	0.0	206	3
SM_V7_ZW	SM_V7_ZW_A46635_right_1	67762438	67762457	TCCCGACATTCCTGTTGCG	19	60.375	57.895	0.0	0.0	206	3
SM_V7_ZW	SM_V7_ZW_A50261_left_3	71789481	71789501	GCCGCCTGGATTCTACTGAT	20	59.605	55.0	0.0	0.0	220	2
SM_V7_ZW	SM_V7_ZW_A50261_right_3	71789700	71789721	TCTGTCGAAATAAGGCCGGTC	21	60.135	52.381	0.0	0.0	220	2
SM_V7_ZW	SM_V7_ZW_A53833_left_3	75753644	75753665	ACTAGATCACGAGGTAAGCGC	21	59.666000000000004	52.381	0.0	0.0	212	1
SM_V7_ZW	SM_V7_ZW_A53833_right_3	75753855	75753875	GGGCTTCAAACCATTCACGC	20	60.388999999999996	55.0	0.0	0.0	212	1
SM_V7_ZW	SM_V7_ZW_A57183_left_2	79764686	79764706	GCCCGCCTCACTTTTACATG	20	59.548	55.0	0.0	0.0	249	3
SM_V7_ZW	SM_V7_ZW_A57183_right_2	79764934	79764954	TCGCCACTTGTCATCACACA	20	59.894	50.0	0.0	0.0	249	3
SM_V7_ZW	SM_V7_ZW_A59957_left_4	83836360	83836380	GCTCGTCTTCCGACAACTGT	20	60.318999999999996	55.0	0.0	0.0	213	1
SM_V7_ZW	SM_V7_ZW_A59957_right_4	83836572	83836593	ACAGGGGGTCAAAACACAAGT	21	59.993	47.619	0.0	0.0	213	1
SM_V7_ZW	SM_V7_ZW_A62625_left_1	87729047	87729068	GCAGGCTCAGATATCCCACTT	21	59.581	52.381	0.0	0.0	215	2
SM_V7_ZW	SM_V7_ZW_A62625_right_1	87729261	87729282	ACGCCGAGACAAATACGAGAA	21	59.799	47.619	0.0	0.0	215	2
SM_V7_3	SM_V7_3_A1655_left_4	3880287	3880307	CCCAACTGTGGTCACGTTCA	20	60.463	55.0	0.0	0.0	216	2
SM_V7_3	SM_V7_3_A1655_right_4	3880502	3880523	ACATGTGCACTGCTATCTGGT	21	59.72	47.619	19.41	0.23	216	2
SM_V7_3	SM_V7_3_A4734_left_2	7716265	7716284	ATGTCAACCTTCCCCTCGC	19	59.7	57.895	0.0	0.0	209	1
SM_V7_3	SM_V7_3_A4734_right_2	7716473	7716492	AGGAACATATGCGCCAGGG	19	59.851000000000006	57.895	4.18	0.0	209	1
SM_V7_3	SM_V7_3_A5646_left_2	11602210	11602229	CTCAGTGTCCGCTGACCAG	19	60.08	63.158	6.46	0.0	215	2
SM_V7_3	SM_V7_3_A5646_right_2	11602424	11602444	CTGCTTCCAACTCCCGACAT	20	60.036	55.0	0.0	0.0	215	2
SM_V7_3	SM_V7_3_A8575_left_4	15428116	15428135	TCGGGACCTAAGGAAGCGA	19	60.001000000000005	57.895	0.0	0.0	220	1
SM_V7_3	SM_V7_3_A8575_right_4	15428335	15428353	ACGCGTGCATGTGTAGGT	18	59.658	55.556000000000004	23.17	0.0	220	1
SM_V7_3	SM_V7_3_A12228_left_1	19261321	19261342	ATCTCTGACATGCTCTTCGCC	21	60.203	52.381	0.0	0.0	201	2
SM_V7_3	SM_V7_3_A12228_right_1	19261521	19261541	CGCGACACATCAAAACCGTT	20	60.042	50.0	0.0	0.0	201	2
SM_V7_3	SM_V7_3_A16009_left_1	23159509	23159530	CTTTCAGCTATGGTGTCCGGT	21	60.066	52.381	0.0	0.0	205	2
SM_V7_3	SM_V7_3_A16009_right_1	23159713	23159733	AACTCCACAAGGCGAACCAT	20	59.89	50.0	0.0	0.0	205	2
SM_V7_3	SM_V7_3_A19922_left_1	26999688	26999708	ACTGTTGGGACACAGCAACT	20	59.744	50.0	0.0	0.0	205	2
SM_V7_3	SM_V7_3_A19922_right_1	26999892	26999913	TTCCGGACTAGCACGAAACAA	21	59.931000000000004	47.619	1.83	0.0	205	2
SM_V7_3	SM_V7_3_A23761_left_1	30833077	30833095	CCAGGTGCACCATCGGTT	18	59.966	61.111000000000004	36.39	13.24	205	2
SM_V7_3	SM_V7_3_A23761_right_1	30833281	30833300	CTGACTCACTGGCTGACGG	19	60.08	63.158	0.0	0.0	205	2
SM_V7_3	SM_V7_3_A27270_left_1	34699890	34699908	ATCACGACCACCACTGGC	18	59.653	61.111000000000004	0.0	0.0	200	1
SM_V7_3	SM_V7_3_A27270_right_1	34700089	34700108	AGCGGATACTGGGACTGGT	19	59.998000000000005	57.895	0.0	0.0	200	1
SM_V7_3	SM_V7_3_A29978_left_4	38585844	38585864	CAGTCTCTCACGCGAAGAGG	20	60.178999999999995	60.0	29.36	20.57	216	3
SM_V7_3	SM_V7_3_A29978_right_4	38586059	38586080	GCGTCGTTTTGGCAAATACGA	21	60.398999999999994	47.619	30.33	29.67	216	3
SM_V7_3	SM_V7_3_A33170_left_2	42424008	42424027	GCGATCTCGTGCAAGGTCA	19	60.446000000000005	57.895	0.0	0.0	244	1
SM_V7_3	SM_V7_3_A33170_right_2	42424251	42424271	GCCTCTCTGAACACCATGCT	20	60.036	55.0	0.0	0.0	244	1
SM_V7_3	SM_V7_3_A36103_left_1	46285570	46285591	CAGCGAGGTGACTACACTGAA	21	59.73	52.381	0.0	0.0	214	1
SM_V7_3	SM_V7_3_A36103_right_1	46285783	46285803	GGTTGCCGATTCAGTTGCTC	20	59.831	55.0	0.0	0.0	214	1
SM_V7_3	SM_V7_3_A38567_left_4	50219794	50219815	CGGACTCCAATGTAGTGGTGG	21	60.406000000000006	57.143	5.57	0.0	205	1
SM_V7_3	SM_V7_3_A38567_right_4	50219998	50220017	GGGTCAGGAACGTCCGAAG	19	60.08	63.158	0.0	0.0	205	1
SM_V7_2	SM_V7_2_A1234_left_4	3570001	3570020	CGCCCTTTCGTAGCGGTAT	19	59.933	57.895	0.0	0.0	214	3
SM_V7_2	SM_V7_2_A1234_right_4	3570214	3570235	CACACCCCAAGACTTTGACCT	21	60.13399999999999	52.381	0.0	0.0	214	3
SM_V7_2	SM_V7_2_A3684_left_1	7815633	7815653	TCACCAACAGCTGTGTGACA	20	59.748000000000005	50.0	27.32	13.11	221	1
SM_V7_2	SM_V7_2_A3684_right_1	7815853	7815873	AGCTGTTCCGATTCCACGAA	20	59.68	50.0	0.0	0.0	221	1
SM_V7_2	SM_V7_2_A6704_left_4	11531882	11531903	GATCACTGAATCGGGGTGTGT	21	60.066	52.381	0.0	0.0	204	2
SM_V7_2	SM_V7_2_A6704_right_4	11532085	11532105	CGCAACCCAAACAGCTCAAT	20	59.685	50.0	0.0	0.0	204	2
SM_V7_2	SM_V7_2_A10230_left_2	15400962	15400982	CCTGGAGGTAACCCTGAAGC	20	59.747	60.0	0.0	0.0	200	1
SM_V7_2	SM_V7_2_A10230_right_2	15401161	15401182	ACAAGTTTAGGCGTTCGTGGA	21	60.203	47.619	0.0	0.0	200	1
SM_V7_2	SM_V7_2_A13644_left_1	19234439	19234459	ACGATTACACTGCGACGGAT	20	59.545	50.0	0.0	0.0	230	2
SM_V7_2	SM_V7_2_A13644_right_1	19234668	19234688	AAGGCACATACGCAGGGAAA	20	59.961999999999996	50.0	0.0	0.0	230	2
SM_V7_2	SM_V7_2_A17231_left_1	23002992	23003013	CGGAAACCGGGGTATTTGTCT	21	60.339	52.381	6.32	0.0	202	1
SM_V7_2	SM_V7_2_A17231_right_1	23003193	23003212	TGGTTGAAGCGGACGTTGT	19	60.153	52.632	0.0	0.0	202	1
SM_V7_2	SM_V7_2_A20875_left_4	26911662	26911682	AAGAAGACATTGCGCCGAGA	20	60.037	50.0	4.18	0.0	208	4
SM_V7_2	SM_V7_2_A20875_right_4	26911869	26911887	GAGAATCCTGGCCAGCGG	18	60.203	66.667	28.39	16.48	208	4
SM_V7_2	SM_V7_2_A24494_left_4	30747877	30747898	GGAAGTCACTGGACCAAGTCA	21	59.583999999999996	52.381	0.0	0.0	233	1
SM_V7_2	SM_V7_2_A24494_right_4	30748109	30748129	TCTAGGGCCTGCTTCGAGTA	20	59.742	55.0	18.53	0.0	233	1
SM_V7_2	SM_V7_2_A27412_left_1	34515535	34515556	GCATAAACTCGTCCGTTGACC	21	59.607	52.381	0.0	0.0	203	2
SM_V7_2	SM_V7_2_A27412_right_1	34515737	34515758	AATGAGATTGCGAACCGTTGC	21	60.136	47.619	0.0	0.0	203	2
SM_V7_2	SM_V7_2_A30897_left_3	38428367	38428386	CAATGTGTCCCGACCTCGT	19	59.708	57.895	0.0	0.0	220	1
SM_V7_2	SM_V7_2_A30897_right_3	38428586	38428605	ACGCCCGGACTGTCAATAC	19	59.783	57.895	0.73	0.0	220	1
SM_V7_2	SM_V7_2_A32700_left_1	42183044	42183065	TCATGAGCACTATCGTGAGCG	21	60.269	52.381	0.75	0.0	212	3
SM_V7_2	SM_V7_2_A32700_right_1	42183255	42183276	ATGGAGTCATGCGTGCATACT	21	59.86	47.619	7.07	10.95	212	3
SM_V7_2	SM_V7_2_A33991_left_0	46168532	46168553	TCGTGCTGAGACAGTTTCACA	21	59.864	47.619	0.0	0.0	206	2
SM_V7_2	SM_V7_2_A33991_right_0	46168737	46168756	GACCAGCAGTCGGACACAA	19	59.931000000000004	57.895	11.27	0.0	206	2
SM_V7_2	SM_V7_2_A34562_left_4	48105644	48105662	ACGCTAGTACGTTCGCGG	18	59.901	61.111000000000004	19.26	0.0	212	3
SM_V7_2	SM_V7_2_A34562_right_4	48105855	48105874	GTCATCTGGGGTCGTTGCA	19	60.004	57.895	0.0	0.0	212	3
SM_V7_4	SM_V7_4_A1081_left_1	3815628	3815649	GGGAGCCCTATCTGTTTTGGG	21	60.41	57.143	0.0	0.0	226	2
SM_V7_4	SM_V7_4_A1081_right_1	3815853	3815873	TGGGAAGTGAGTGGTTGACG	20	59.894	55.0	0.0	0.0	226	2
SM_V7_4	SM_V7_4_A4103_left_2	7745058	7745079	GTCACATTCAGCATATGGCCG	21	59.735	52.381	4.56	0.0	221	5
SM_V7_4	SM_V7_4_A4103_right_2	7745278	7745299	GACGAGAAATCGCTGTTGTGG	21	59.873000000000005	52.381	0.0	0.0	221	5
SM_V7_4	SM_V7_4_A7157_left_1	11509730	11509749	TAATCCGGGTGCCTTCGTG	19	59.78	57.895	0.0	0.0	206	1
SM_V7_4	SM_V7_4_A7157_right_1	11509935	11509954	TGCCGAACTCCTGCGTTAA	19	59.632	52.632	0.0	0.0	206	1
SM_V7_4	SM_V7_4_A10490_left_1	15417455	15417475	ATCGAGAATGCGCGTATCGT	20	60.04	50.0	26.62	16.41	203	3
SM_V7_4	SM_V7_4_A10490_right_1	15417657	15417677	TCCCCAACTGGTATCCTGGT	20	59.88	55.0	0.0	0.0	203	3
SM_V7_4	SM_V7_4_A13595_left_1	18902800	18902820	ACGAATCCGGAGCATTTTGC	20	59.548	50.0	11.34	0.0	207	1
SM_V7_4	SM_V7_4_A13595_right_1	18903006	18903025	ATCGGCTAGGCAAGAGCAG	19	59.555	57.895	17.45	4.53	207	1
SM_V7_4	SM_V7_4_A16759_left_1	23032764	23032784	AAGACCGAACCACGATTGCT	20	59.965	50.0	0.0	0.0	201	1
SM_V7_4	SM_V7_4_A16759_right_1	23032964	23032984	CATGCAACACACCCATCCAC	20	59.756	55.0	0.0	0.0	201	1
SM_V7_4	SM_V7_4_A20885_left_1	26874222	26874242	CGCGCATAAATTGGTGTGGA	20	59.55	50.0	8.75	0.0	234	1
SM_V7_4	SM_V7_4_A20885_right_1	26874455	26874476	CCCACAGTAGGGCGATACAAT	21	59.583999999999996	52.381	0.0	0.0	234	1
SM_V7_4	SM_V7_4_A24716_left_3	30694181	30694201	ACAACTGGGAAACATGGGCT	20	59.812	50.0	0.0	0.0	244	1
SM_V7_4	SM_V7_4_A24716_right_3	30694424	30694445	AGCACTAGACGTCGAGGTAGA	21	59.793	52.381	26.31	1.12	244	1
SM_V7_4	SM_V7_4_A28103_left_0	34572722	34572743	CGAGTGGGGATCATCGAATGT	21	59.931000000000004	52.381	0.0	0.0	201	2
SM_V7_4	SM_V7_4_A28103_right_0	34572922	34572940	AGAATGGGAGTGGCACGC	18	60.04600000000001	61.111000000000004	13.32	13.32	201	2
SM_V7_4	SM_V7_4_A31578_left_1	38413900	38413919	GCTTGTGGAACCTGGTCCT	19	59.544	57.895	0.0	0.0	200	1
SM_V7_4	SM_V7_4_A31578_right_1	38414099	38414117	TCCAGGCCACCGAATTCG	18	59.732	61.111000000000004	20.92	20.92	200	1
SM_V7_4	SM_V7_4_A34449_left_1	42220597	42220617	AGTAGCTAGACCGCCATCGA	20	60.178999999999995	55.0	0.0	0.0	210	1
SM_V7_4	SM_V7_4_A34449_right_1	42220806	42220825	CATGAAGCACTGAACGGCG	19	59.867	57.895	4.8	4.8	210	1
SM_V7_4	SM_V7_4_A37309_left_2	46072765	46072786	CGGACATGAACACCATTCACC	21	59.531000000000006	52.381	0.0	0.0	225	1
SM_V7_4	SM_V7_4_A37309_right_2	46072989	46073009	CTTCTCGAGATTTCGCCGGT	20	60.178999999999995	55.0	17.44	0.0	225	1
SM_V7_5	SM_V7_5_A428_left_3	4253005	4253025	CACACGTCAGCTGTTCTCCA	20	60.248999999999995	55.0	14.67	0.0	237	1
SM_V7_5	SM_V7_5_A428_right_3	4253241	4253260	GGTAGTGCACAGGCCAACT	19	59.927	57.895	21.04	2.77	237	1
SM_V7_5	SM_V7_5_A2010_left_4	7172230	7172251	CCCCGAGGTTAGTCTCAGAGA	21	60.065	57.143	0.0	0.0	205	3
SM_V7_5	SM_V7_5_A2010_right_4	7172434	7172454	TTGCCACGCGTGAACAAAAT	20	59.898999999999994	45.0	39.1	0.0	205	3
SM_V7_5	SM_V7_5_A5116_left_1	10743194	10743214	TCAGCAGGCATCTAACGGTG	20	60.108000000000004	55.0	0.0	0.0	223	1
SM_V7_5	SM_V7_5_A5116_right_1	10743416	10743436	TGGCACGCAAGACTGATAGG	20	60.108000000000004	55.0	0.0	0.0	223	1
SM_V7_5	SM_V7_5_A7718_left_3	14329582	14329602	TGGAAATGCTGACCTCGCTT	20	59.963	50.0	0.0	0.0	209	1
SM_V7_5	SM_V7_5_A7718_right_3	14329790	14329811	CATCCTCTGCACCAGTAGACC	21	59.861999999999995	57.143	0.0	0.0	209	1
SM_V7_5	SM_V7_5_A9687_left_2	18068696	18068717	ACCTGCCTGATTATTTGGGCT	21	59.711000000000006	47.619	0.0	0.0	200	1
SM_V7_5	SM_V7_5_A9687_right_2	18068895	18068912	ACATTGCCAGCCGTCGT	17	59.596000000000004	58.824	0.0	0.0	200	1
SM_V7_5	SM_V7_5_A11552_left_1	21495971	21495991	CGTCCGGTACTTCCAGCTTT	20	60.038000000000004	55.0	0.0	0.0	203	1
SM_V7_5	SM_V7_5_A11552_right_1	21496173	21496192	CTCGCATTGTGGTCGAGGA	19	59.785	57.895	3.26	0.0	203	1
SM_V7_5	SM_V7_5_A14435_left_2	25091937	25091958	CACTGGGGGATATGGTTGGTC	21	60.13399999999999	57.143	0.0	0.0	200	1
SM_V7_5	SM_V7_5_A14435_right_2	25092136	25092155	TCACCTGACATCGCACTCG	19	59.787	57.895	0.0	0.0	200	1
SM_V7_6	SM_V7_6_A2293_left_3	3576411	3576431	GGATGAAGCGATTGAGTGCG	20	59.696999999999996	55.0	0.0	0.0	208	1
SM_V7_6	SM_V7_6_A2293_right_3	3576618	3576637	GGCCATGTATCACGGGTCC	19	60.228	63.158	0.0	0.0	208	1
SM_V7_6	SM_V7_6_A5109_left_3	7167057	7167076	ACCGTGTGTAAGTTGCCGA	19	59.556999999999995	52.632	0.0	0.0	215	3
SM_V7_6	SM_V7_6_A5109_right_3	7167271	7167292	CACAAGAATGACACTGGCGTG	21	60.07	52.381	7.71	7.71	215	3
SM_V7_6	SM_V7_6_A8935_left_3	10709817	10709836	GCGGAGAGTCACGTGTCAA	19	60.008	57.895	16.51	0.0	228	1
SM_V7_6	SM_V7_6_A8935_right_3	10710044	10710064	GACTGAACGCTGGAATCGGT	20	60.39	55.0	0.0	0.0	228	1
SM_V7_6	SM_V7_6_A12156_left_1	14301442	14301463	TTTCCGTTTAAGAGGGAGGCG	21	60.338	52.381	0.0	0.0	200	1
SM_V7_6	SM_V7_6_A12156_right_1	14301641	14301661	TCAGTTCCTGAGAGTGGGGT	20	59.809	55.0	0.0	0.0	200	1
SM_V7_6	SM_V7_6_A14437_left_1	17908704	17908723	GCTGGTTGCTTTTCCACCC	19	59.633	57.895	0.0	0.0	205	2
SM_V7_6	SM_V7_6_A14437_right_1	17908908	17908929	AGCATGGCGATCATCAAGTGT	21	60.408	47.619	0.0	0.0	205	2
SM_V7_6	SM_V7_6_A17239_left_4	21480888	21480909	CTCTCCTCCTCTGTAACCCCT	21	59.71	57.143	0.0	0.0	230	1
SM_V7_6	SM_V7_6_A17239_right_4	21481117	21481138	ATTCGTTTAGATGGCGGTGGT	21	60.066	47.619	0.0	0.0	230	1
SM_V7_6	SM_V7_6_A19167_left_4	24757746	24757765	CATCACCAGCCCCTCAACC	19	60.379	63.158	0.0	0.0	208	4
SM_V7_6	SM_V7_6_A19167_right_4	24757953	24757974	GTGTTGGGATGATTGCAAGCA	21	59.727	47.619	21.11	21.11	208	4
SM_V7_7	SM_V7_7_A1950_left_2	3417138	3417159	CTGGCAGACTAGTGAGCACAT	21	59.793	52.381	9.42	0.0	212	1
SM_V7_7	SM_V7_7_A1950_right_2	3417349	3417370	ACAAGCAGTCAAGGTCAAGGG	21	60.478	52.381	0.0	0.0	212	1
SM_V7_7	SM_V7_7_A4454_left_3	6828799	6828820	TAGTCCTCATGGTCCACTGGT	21	59.92100000000001	52.381	0.0	0.0	201	1
SM_V7_7	SM_V7_7_A4454_right_3	6828999	6829018	CCAGGACAGCGTCGAATGA	19	59.785	57.895	0.0	0.0	201	1
SM_V7_7	SM_V7_7_A7197_left_2	10300476	10300497	ACTGGAGGTGTGACTTTTGCT	21	59.787	47.619	0.0	0.0	220	3
SM_V7_7	SM_V7_7_A7197_right_2	10300695	10300716	TTCGCAATTTCGACCTTGCAC	21	60.335	47.619	23.43	3.84	220	3
SM_V7_7	SM_V7_7_A9752_left_2	13803006	13803025	CGTTTCGTTGCCTGCTGAC	19	60.083	57.895	0.0	0.0	204	1
SM_V7_7	SM_V7_7_A9752_right_2	13803209	13803227	ACGCGTTGTTCCCTAGGC	18	60.048	61.111000000000004	5.58	0.0	204	1
SM_V7_7	SM_V7_7_A11908_left_2	17175577	17175596	GCCAGGCGGTCTTCACTTA	19	59.705	57.895	0.0	0.0	202	1
SM_V7_7	SM_V7_7_A11908_right_2	17175778	17175797	TCGGTTTGGGTGATCGAGC	19	60.07899999999999	57.895	0.0	0.0	202	1
SM_V7_7	SM_V7_7_A13256_left_3	19067794	19067815	CAACCGAGACCACAACGTTTG	21	60.268	52.381	0.0	0.56	200	4
SM_V7_7	SM_V7_7_A13256_right_3	19067993	19068014	GAGCGAATGCAACTGTGTCAC	21	60.398999999999994	52.381	0.0	0.0	200	4
